,Query 1,Query 2,Query 3,Query 4
appendix,0.19298246,0.2244898,0.73333333,0.78571429
cataract,0.00551116,0.00622543,0.8,0.79166667
glaucoma,0.00474626,0.00497512,0.06372549,0.06043956
colorectal,0.73476703,0.74129353,0.80434783,0.83018868
lung,0.125,0.22058824,0.22641509,0.3
