,Query 1,Query 2,Query 3,Query 4
appendix,0.78571429,0.78571429,0.78571429,0.78571429
cataract,0.625,0.59375,0.625,0.59375
glaucoma,0.61904762,0.52380952,0.61904762,0.52380952
colorectal,0.71938776,0.48979592,0.66836735,0.44387755
lung,0.73684211,0.73684211,0.57894737,0.57894737
