,Query 1,Query 2,Query 3,Query 4
appendix,0.78571429,0.78571429,0.78571429,0.78571429
cataract,0.625,0.59375,0.625,0.59375
glaucoma,0.61904762,0.52380952,0.61904762,0.52380952
colorectal,0.51793722,0.39910314,0.47309417,0.36098655
lung,0.46052632,0.46052632,0.42105263,0.42105263
